id,family,panel,baseline_completed,baseline_clean,candidate_completed,candidate_clean,candidate_collision_ticks,root_velocity_rmse_m_s,root_progress_ratio
01c2c41c57fa215ae1c9,turn,discovery,True,False,False,False,16,0.6462408567640976,
12e0a941c49a3fc86137,object_interaction,discovery,True,False,True,False,0,0.17765982771331018,0.15819291471741653
17edbe5924459d59a97b,dance,discovery,False,False,False,False,0,0.31558049734724714,
1be5208dc571d87c3899,jump,discovery,False,False,False,False,0,0.6473873775825477,
24e8bc656ad32a92286b,run,discovery,True,False,False,False,35,1.6765797597024628,-0.06528099530831154
26c294dd9439ba6264bc,turn,confirmation,True,False,False,False,4,0.5009830212484992,
276c72275214327ba9a2,fall_or_recovery,confirmation,False,False,False,False,3,0.4913117529719967,
35281350b51b4270d9d7,gesture,discovery,True,False,True,True,0,0.06877723425582763,
36c094f374f02a7920b2,turn,discovery,True,False,True,True,0,0.21192155657988387,
47fc8f5e23c30fbd5d34,walk,discovery,True,False,True,True,0,0.21281308015900918,
4f2b91a2b7e0856e6445,gesture,confirmation,True,False,True,True,0,0.09363479366601196,
6a385152661080b98e5f,transition,confirmation,False,False,False,False,25,0.5550948884850836,
6dc532df742ba44ebb22,run,confirmation,False,False,False,False,0,1.2989166844659092,-0.6128640347991656
729ae9c921fa0a0df1bb,gesture,discovery,False,False,False,False,0,0.5533809624406154,
7c86b5b59a319ca12105,bow,confirmation,True,False,True,False,7,0.17395676404136404,
86248a6ff8d375c3988d,kick,confirmation,False,False,False,False,3,0.9420774966835018,-0.3438568549779579
9528dc1d7bf16b66bc8d,bow,confirmation,True,False,True,True,0,0.12647251526770814,
9a2c6d6a2976a03b6f57,gesture,confirmation,True,False,True,True,0,0.05245932076152349,
9ab8e0cf997174fcaa54,bow,confirmation,False,False,True,True,0,0.14877375534328324,
a7592dbee4b6051b2a82,other,confirmation,True,True,True,True,0,0.03284091182977366,
aac91babd77992d118bd,punch,confirmation,True,True,True,True,0,0.26393197757528286,
ab509745489f7e286595,object_interaction,confirmation,True,True,True,True,0,0.0788183507115558,
ad3255fd980950854fac,idle_stance,confirmation,False,False,False,False,0,0.05566565941067871,
b9665468e91d87519a54,other,confirmation,True,False,True,True,0,0.0317522212083623,
ba10cb3f6ba481d7108e,idle_stance,confirmation,True,True,True,True,0,0.019947173078638716,
c1fcf76e0922e1c490b7,turn,discovery,True,False,True,True,0,0.0749505995326687,
c2771f903d60d9ebd138,run,confirmation,False,False,True,False,0,0.9317964271894277,0.2921646646955029
c6fbe9f6d6116777409c,squat,confirmation,False,False,False,False,0,0.4867407498233348,
c8722aee355618420bfe,sit_or_kneel,confirmation,False,False,False,False,0,0.5445215083363969,
efab9075a6ec75fcd477,gesture,confirmation,True,False,True,True,0,0.046954648378087153,
f8aa3b225d379989467d,sit_or_kneel,confirmation,True,True,True,True,0,0.021693418493980984,
fd8ba3b2de5557f0f782,gesture,discovery,True,False,True,True,0,0.03197372545677651,
